{
    "training": {
        "num_epochs": 2,
        "batch_size": 2,
        "learning_rate": 0.005,
        "best_val_mAP": 0.04481556602906701
    },
    "test_results_best_model": {
        "mAP": 0.10190133683803737,
        "Precision": 0.025913338997451147,
        "Recall": 0.22536945812807882,
        "F1": 0.04648209296418593,
        "TP": 183,
        "FP": 6879,
        "FN": 629
    },
    "test_results_last_model": {
        "mAP": 0.10190133683803737,
        "Precision": 0.025913338997451147,
        "Recall": 0.22536945812807882,
        "F1": 0.04648209296418593,
        "TP": 183,
        "FP": 6879,
        "FN": 629
    }
}